﻿<?xml version="1.0" encoding="utf-8" ?>
<c2uistate>
    <!--This is a UI state file - its content describes the user interface settings when the event sheet was last open.
It is entirely optional and the project will load without it.  If you are placing the project under source control,
you probably do not want to add any .uistate.xml files to the repository.-->
    <show-addaction-links>1</show-addaction-links>
    <scroll-pos>2650</scroll-pos>
    <conditions-column>306</conditions-column>
    <actions-namecolumn>91</actions-namecolumn>
    <condition-namecolumns>
        <nest>102</nest>
        <nest>136</nest>
        <nest>58</nest>
        <nest>95</nest>
        <nest>99</nest>
        <nest>28</nest>
        <nest>24</nest>
        <nest>24</nest>
        <nest>24</nest>
        <nest>24</nest>
        <nest>24</nest>
        <nest>18</nest>
    </condition-namecolumns>
    <events>
        <event collapsed="1" sid="468948082057551" />
        <event collapsed="1" sid="842009113705218" />
        <event collapsed="1" sid="296983264160243" />
        <event collapsed="1" sid="840643394493409" />
        <event collapsed="1" sid="556774555401941" />
        <event collapsed="1" sid="966344072360194" />
        <event collapsed="1" sid="711883190627685" />
        <event collapsed="1" sid="250616209710873" />
        <event collapsed="1" sid="288250669228315" />
        <event collapsed="1" sid="355826271074262" />
        <event collapsed="1" sid="966116806633425" />
        <event collapsed="1" sid="443149138719912" />
        <event collapsed="1" sid="846359646633693" />
        <event collapsed="1" sid="963743229326338" />
        <event collapsed="1" sid="703681239013971" />
        <event collapsed="1" sid="648001643618486" />
    </events>
</c2uistate>
